"","MEblue","MEtan","MElightgreen","MElightcyan","MEyellow","MEroyalblue","MEcyan","MEmagenta","MEdarkturquoise","MEgrey60","MEblack","MEdarkgrey","MEorange","MEdarkred","MEpink","MEturquoise","MEsteelblue","MEwhite","MEdarkorange","MEmidnightblue","MEpurple","MEred","MEdarkgreen","MEbrown","MElightyellow","MEskyblue","MEsaddlebrown","MEsalmon","MEgreen","MEgreenyellow"
"X101rd",0.18374758008654,0.0590650102982655,0.0218819382354983,-0.0156352424089496,-0.0560045082147741,0.0577943964971787,0.0671942935975038,0.121294801006428,0.0326317763244806,0.0533042199909758,-0.0526894807140389,-0.0495899812609809,0.120368386380995,0.0093491892304305,-0.0533585492397851,-0.184259753945236,-0.0708202582673966,-0.045735167468569,-0.0348723602549876,0.0635898183208339,-0.042043958553538,-0.0967158491295799,-0.0375206453852386,0.12266481280844,0.133761135109091,-0.00177554693740695,0.00100966811212788,-0.0971561011248121,0.0285177134442767,-0.0176053825300302
"X102rd",0.196470222587766,0.0144117811537033,-0.12542756626735,-0.18103531622569,-0.238926103793368,-0.139316129331439,-0.0244539336287553,-0.027985914349989,0.0475366845903089,-0.057419013763794,-0.0175998170098796,0.0728085291225242,0.121045655679429,0.001087563977693,-0.0806558803486129,-0.188303185453002,-0.103624992181607,-0.095457776759468,0.0981846833430334,0.299927467831457,0.00933586977919121,-0.0750627407991626,0.165974844861059,0.192043385073687,0.179561321886185,0.0788440873358541,0.105320430421047,0.072627472333727,0.195125915871615,0.183400478376386
"X105rd",0.197842890053639,0.00349987547635688,0.128884934139673,-0.0479275677337914,-0.0323232188496236,0.108263160843386,0.139344722221513,0.155037760318711,0.0188022512731039,-0.0446083894267303,-0.0360719688375932,-0.0731447849922034,0.0809494150560941,-0.00426360907900869,-0.0741265767895035,-0.195900011551291,-0.0314310505507628,-0.0188180278798376,-0.0716350376906609,0.0164135792448684,-0.0907964398585076,-0.170876341579672,-0.0550381279028,0.102821491645509,0.0891879377794628,-0.0148742725880647,-0.0805263333030246,-0.120180047052047,0.0251237012067494,-0.00829682502509455
"X106rd",0.184991905731904,-0.0258825609930117,-0.0357958252658092,-0.128041177312249,-0.204467311494622,-0.154254846330906,-0.0595261366857913,-0.0296243038980337,-0.0521964204012468,-0.12827588534956,-0.0930431639288799,-0.0883844349517686,-0.0675767058968865,-0.143409853990035,-0.245765965907493,-0.17523860963389,-0.0540120391278073,0.0193878574703051,-0.101087794183904,0.0142773554550508,0.0603107318598334,0.0639070985402869,0.0744731855976964,0.203643278738242,0.181884508610078,-0.00838445767360765,0.0501625211355206,-0.0213693477220946,0.128047029334301,0.0791212397085945
"X107rd",0.207845405348938,-0.0596861476276619,0.0947634489014015,-0.0180570543968787,0.0171639340746629,0.135297319019722,0.192981474089154,0.252096532693175,0.151046078849504,0.0654937807375087,0.0289439683097543,0.0193513079151406,0.152806737862213,0.0802918369495517,-0.00589745438438401,-0.190162091111027,-0.153907242457452,-0.130043050049032,-0.080260946133483,0.0230936661261804,-0.234962557907688,-0.271642921248676,-0.105168270005096,-0.0206574637962309,-0.0285700890811466,-0.0051085277258848,-0.260941447375934,-0.0671657234882927,0.0352065495568732,0.0216613112903963
"X108rd",0.0824525958999094,-0.0646386712218911,-0.0371578932013403,-0.123841464675675,-0.0750348433172763,-0.0291341856051497,0.00478155295092262,0.00482926722844434,-0.0551674981308177,-0.0852458021727749,-0.0956502200442928,0.0445325107372682,-0.0113849415540594,-0.0788518329032584,-0.0287449405943342,-0.0807648694782822,-0.149124453053426,-0.138962913356584,-0.0110152448819461,0.032426622930891,0.0389420274016173,0.0265843982425832,0.022061371844284,0.121425579249789,0.0903313901984012,-0.0407360902846137,-0.224158352796286,-0.0161540251530594,0.0360674283710953,0.0614792094971169
"X109rd",0.082350657048989,-0.113461365592622,0.0777941969670335,-0.0938477518107114,0.00175026572008608,0.0587414774714078,0.020241374318046,0.0475400961328836,0.168139521336574,0.127447066829179,-0.0510648571950234,0.0310361110217519,0.04419935315679,-0.000480074091668366,-0.035908764900363,-0.079643625212996,-0.192691905739598,-0.183100973638248,-0.08964613463997,-0.0443478951611469,-0.0950164620356089,-0.0579091867193859,-0.0759142083287803,-0.0157514848781917,-0.00505726289267507,0.00643351378248725,-0.11187740431074,0.00564642528487009,0.0548217602759384,0.0381870875141896
"X110rd",0.0377888908516133,-0.0508773005020844,-0.0786913825108661,-0.0866535282596851,-0.0470276098665402,-0.0184683456831047,-0.0357252588194991,0.00216112056437611,-0.0274022517935512,-0.0760942753217146,-0.000427256493483211,-0.000598214953986032,0.0456943418573114,0.0389208480662784,0.0256903280644253,-0.051538939637106,-0.169822879478248,-0.16227638834308,-0.0041658918964172,0.0784119821063852,-0.0202960618362317,-0.0124853962942597,0.0381336165353083,-0.00128484957141492,-0.0423493829014302,-0.0126167127401106,0.123575462840556,0.0362578356984348,0.0917931475588966,0.0836306985686915
"X112rd",-0.076330859714652,0.0292920176730091,0.0137935339325564,0.0553261950602009,0.0331733787998571,0.0183519085822754,0.003077223410516,-0.00325555364039786,-0.0893029621318071,-0.000206922584128892,-0.0235338845439623,0.0416823094343037,-0.0476548354340533,-0.0189169920191574,0.016989052031243,0.0588459959522653,0.0551945856592448,0.0614662208443185,0.0179688598823856,-0.0333951268555754,0.0549789875840912,0.0457137400654199,0.00944026721157178,0.022541458854067,0.0248221206274424,-0.0329799066808722,-0.0957686062154952,-0.0212547632356295,-0.0761720324427952,-0.0448933384792159
"X113rd",-0.0400825843120391,-0.0216044679897384,0.00905005991985171,0.0140233358779434,0.0738507529219393,0.0746748613748286,0.0159830099727235,0.0187676756877369,0.10760871480667,0.105230917432637,0.0271689253170817,0.102308901526075,0.0716111561243085,0.0758017999148763,0.108255385160211,0.0489660324355069,-0.0131635291423461,-0.0510238915705854,0.00866041010589615,-0.0051144704034513,-0.0940581218235595,-0.0896212172634073,-0.114801747979986,-0.141444989276475,-0.139246248404992,0.017788074316095,-0.115873921519411,0.0271688136144472,-0.00678049290683592,-0.00431315330949375
"X116rd",0.22125142273732,-0.169093905713319,0.272113886347034,-0.0541376448774259,0.0510214912743799,0.14821104539826,0.148982839740579,0.290574952904946,0.166332896356294,-0.0349826326237201,-0.0103812707258279,0.0957053071169674,0.257173487248997,0.196862352641956,0.135915878508128,-0.163809362427526,-0.0681469516853979,-0.0715305554613546,-0.336514886572717,-0.204343898971033,-0.306973232786314,-0.237798209545698,-0.290653171243672,-0.155844240168805,-0.190502070219183,-0.0179742358638787,-0.0888666106521442,-0.0284476786257408,0.0392714966305933,0.00670986894089659
"X117rd",0.134645495337476,-0.0206355615777445,0.0209591072755434,-0.0812533995257829,-0.0357072939225186,0.0987758480213075,0.0604394703016303,0.137507967383878,0.0873954171541537,0.0424020048880664,0.0311044775469897,-0.03951177388218,0.123956632513052,0.0306266584915766,-0.0264880870239932,-0.146920543810957,-0.13007758880807,-0.0908963172313801,-0.0283308826421418,0.0810530464484343,-0.0737875865331306,-0.123233996017739,0.00783610473860242,0.016188759141843,0.0519568625689647,-0.0467191594552161,0.0896134058119088,0.00518544090747068,0.0998183211625342,-0.0028939170675654
"X119rd",0.148041109089002,0.00614994409916598,0.116848585342478,0.0069250764244392,0.0463359597134036,0.156469564797955,0.167891937946255,0.213661870076623,0.0111380475195833,-0.0106378294958813,0.0303921158501541,0.0184943492515281,0.10565162187191,0.0988205105366976,0.0140582057786151,-0.154000108268826,-0.0439878856299089,-0.0636615223199574,-0.0449686761816981,0.0308840359672903,-0.116386853103495,-0.118754591703674,-0.0225124077920486,0.0282468376008661,0.0514612934465036,-0.0769894899083904,-0.0567033314877014,-0.122560650969422,-0.0183497064490244,-0.0677393720247895
"X11rd",0.0494554789344649,0.125734152515565,0.276116488870231,0.167370835274712,0.193369872004437,0.215087110164329,0.192750322750808,0.157212359320272,-0.236404142694314,-0.145606188143242,-0.150944987806634,-0.0756158433208279,-0.153566220344233,-0.159899248311671,-0.200471819137809,-0.048575547829027,0.0847992317828278,0.0582768759038145,-0.0994176773295479,-0.152397504601784,-0.0336737095505653,0.0213676669296753,-0.139660789485204,-0.0165126285705773,-0.0394090770992542,-0.0212691264357252,-0.138483569656547,-0.251282780428786,-0.184081673207626,-0.256836784744216
"X123rd",0.180008125171248,-0.0381382733209029,-0.0193498026526726,-0.158757368207608,-0.233667943345964,-0.126562748590997,-0.073702180991555,-0.0471917649078674,0.157778647980927,-0.00766956073758407,-0.00515811506561428,-0.25678177458127,0.0607827621887712,-0.0378245462127447,-0.0854594297294085,-0.194879330833615,-0.082081181847448,0.0231549698742419,-0.00211668915502944,0.104874450368967,0.0239411885453929,-0.0125821962984951,0.192011126004279,0.181289200464678,0.207306432243692,-0.00743032425763596,0.167755909921394,0.00253664333685822,0.173058909965737,0.105767855099348
"X124rd",0.116413444026691,-0.00768754968327136,-0.022843593852408,-0.0693495309381449,-0.107024131721797,-0.0930267699571044,-0.0190602333832403,-0.0155121220473394,-0.0183057526748629,-0.105023994848508,-0.00363504077311963,-0.14399121096038,-0.0239563206902558,-0.0568848078957196,-0.125244437191454,-0.107812028387772,-0.0420310565168985,-0.0104423292737333,-0.0266292699882823,0.0385095972590255,0.0390791342394682,0.0439074771979872,0.105361480768413,0.118903530422407,0.114424127777549,0.0151918323647775,0.211642527734906,-0.00591405037881748,0.082952525349631,0.04920649178871
"X126rd",-0.0912184706649908,-0.0187586615094332,-0.0301993133601783,-0.0725886178638647,-0.0143567429666638,-0.0637261257254941,-0.087047160387865,-0.114611364396381,-0.125722323781728,-0.0635210767766115,-0.0808105071208059,-0.0381231208971708,-0.16223631950997,-0.0960876401636806,-0.0230905519634644,0.0840885079661558,0.0325452845441969,-0.0206330921463539,-0.00468000760941343,-0.0874258679806703,0.109774794957327,0.171082061167031,0.0428205530718312,0.0196610138548286,0.0200419928519983,-0.00218485000175051,0.0675145840425564,0.0392466855935417,0.0343324828348164,0.0370275980610022
"X129rd",-0.0942848224255577,-0.056312586494638,-0.0306805211785206,-0.0900122305826445,0.0239829533107612,0.0416975164374394,0.00612791022572386,-0.0774901770402242,0.0217066608871375,0.0522317873245744,0.0328460305808745,0.114514680916585,-0.0183991200487546,0.0548967049026348,0.0751779209028532,0.0730570886803376,-0.0486505818654848,-0.142393696192265,0.0386534321852394,0.0327169770803994,-0.0538051632684404,0.00528626454730179,-0.0186059054169002,-0.127334038360356,-0.100848625118054,0.0123986368268157,0.061534357787234,0.118966215233712,0.0694701928650436,0.0968231584699162
"X12rd",0.0064011628476922,0.174956503385549,0.217064452271884,0.16666407937867,0.156842612057387,0.177036131310171,0.151881968844703,0.169091476046871,0.0444136280316153,0.11774837613621,-0.0711441595460145,0.0146647526612189,0.0411694735128328,0.0371174153213414,0.0905408303293256,-0.0146641301088507,-0.067990150986379,-0.0144611004816777,0.0166714444859253,0.0123708934045442,-0.024915549820552,-0.0529197701882171,-0.0644005065085734,0.00171126850696512,0.0511898647223315,-0.105772566772516,-0.209030397397868,-0.209779210443598,-0.197626746287679,-0.209494370149705
"X143rd",-0.0948820753787163,0.150126956622651,-0.0835085942885088,0.128654840396731,0.105443729358834,0.0877053309367592,0.0585753385501894,-0.000374427018322394,0.00762102887121036,0.115305208072614,0.000455507422622994,0.0663824582891429,0.0393370911299786,0.0440368010219089,0.130003934799358,0.0742373677962551,-0.187368146559767,-0.165415979764047,0.137666853913825,0.0876449167165236,0.0327692163975362,0.014265950364682,-0.000669503587708953,-0.0417598317328369,-0.032635492651485,-0.0171537425391176,0.0341399927586252,0.00926560272619699,-0.0954485934042928,-0.0794318951349848
"X145rd",-0.0955927503913782,0.198689353703784,-0.127909638894394,0.188623283555987,0.108643212061492,0.026556499265989,0.065986958732837,-0.00908356528134044,-0.117088833699189,-0.0328079462360459,-0.0280428088014999,0.0341623728656591,0.0103532018758936,0.0277621415991579,0.0955676651152322,0.0872750583420493,-0.0337678345924174,-0.0243831505914358,0.128471417921968,0.0868206814920257,0.0559654686093328,0.0295498537118085,0.0568689372748151,0.0145934997607606,-0.0129800425932519,-0.0329974528131256,-0.0772448897980299,-0.0659510276478846,-0.119736865288085,-0.109902913344689
"X149rd",-0.0565073020516936,-0.004343301210422,-0.000790496864361489,0.122203316161385,0.132616358643749,0.0668277876290031,0.0631489313269984,0.0567777866438393,-0.018012381937192,0.0314969339982469,-0.00493027947878654,0.0380336592405409,0.11759831471949,0.130545445880856,0.141438592379999,0.0610041431103099,-0.0252682340432038,0.0191420090941249,-0.178450355561394,-0.18365641112613,-0.105374572681962,-0.0966444773991148,-0.200067692762573,-0.169198263431669,-0.225210085586474,-0.0327013801054407,0.0195068549102329,-0.016923590354595,-0.0379437684658522,-0.0654990354649636
"X150rd",-0.0260876634849475,0.15137922779164,-0.0724863872364502,0.0747952539361133,0.061512121348897,0.0537453810593844,0.0490510290865276,0.0313136909356832,-0.00738333537418292,0.0502107389129618,-0.0163894371369651,-0.00916484567575818,0.0297919266843076,0.0274295848938592,0.0738177164730633,0.032064250223339,0.0202643657718562,0.00598812261061356,0.119265710419345,0.0942719915368476,-0.0220243042884363,-0.0585858376598551,0.017323679767274,-0.0134747704466787,-0.0408801256748713,0.10532587331133,0.0506714878280081,0.00978580809503028,-0.0268303121585798,0.00998004725321175
"X156rd",-0.0679068916804517,0.155313691698663,-0.0736389247154337,0.153474075179358,0.129072770245715,0.166355144656865,0.16070039711083,0.104348828465736,-0.0858628677636338,0.0443259905549428,0.051218509841384,0.158585113804329,0.132142392856123,0.171069896323164,0.226358412904092,0.0733846701630669,-0.0772890732219615,-0.0993463926480164,0.169164600314808,0.156474383225727,-0.0614574186372547,-0.132920639972769,0.00722797314277223,-0.0959214349883687,-0.063794949653534,0.0339480183686952,-0.0647798257988976,-0.00930158301756811,-0.108414500197763,-0.0425369442753781
"X159rd",-0.106890316858503,0.181853433644482,-0.108330285158701,0.172527327697519,0.124322789151715,0.109364264508553,0.128904803339564,0.0240477783785892,-0.0340019962619922,0.068432333508478,-0.0303593521515221,0.0541294048257824,0.0248591624355129,0.0309788960671572,0.0906927948602242,0.089088755667246,0.150195612686359,0.111289909542219,0.082621943696842,-0.0111820392351804,0.0182052386962856,-0.0286290311095217,-0.0170992536009515,-0.0358119923008514,-0.04017811969621,0.00859286520641344,0.00525165075216923,-0.0971390151130483,-0.145781897754471,-0.105479866339546
"X162rd",-0.203188940204705,-0.0708387174438494,-0.0482405361579861,0.110456194225094,0.104728501149312,0.0191481732802909,-0.129001553064983,-0.104360494466073,-0.00431822519432766,0.0950335262784321,0.333705910900513,0.00611303692100891,-0.0628474846589843,0.130239664962309,0.0367050562790336,0.24561141101973,0.241803140326942,0.140394931827177,0.0448136821387778,-0.0985087310429084,0.0268809523123065,0.0366239371736528,-0.0858596114235293,-0.170982379764128,-0.126775741452429,0.0106783121270205,-0.0213956170526649,0.104052915063924,-0.120354504785638,-0.0933695545621295
"X163rd",-0.162135696762373,-0.0850250689514497,-0.0858575904278773,0.0280492779015229,0.0298958175256168,-0.106146641639291,-0.169614297282467,-0.137910608560575,0.171896403069291,0.226626540449293,0.307316066646021,-0.0385681005826169,-0.0970231765195206,0.0757084470281425,-0.0334315501880183,0.190736454538444,0.0937666422535867,0.0168248817663213,0.097795819927834,-0.0353259312657762,0.0236785948076706,0.0509211987978357,-0.0183370181495187,-0.122298745673337,-0.0835967338698863,0.0232013654089546,0.0913055210729425,0.152551976480067,-0.039489537351211,0.00711058780257168
"X166rd",-0.156359541269018,-0.073628255419177,-0.101828165665894,0.0469351704372846,0.0925456209038134,-0.0713961988729702,-0.121590290779361,-0.117152705300096,-0.0976033666495101,-0.0991588277968563,0.236343916384775,0.0339299331893483,-0.100152504891373,0.0342614779398017,-0.00759280316294313,0.184554451758947,0.0304117402653906,-0.055803859818086,0.0201313438814047,-0.108686166020353,0.048348175150331,0.064679262965926,-0.0313266714198412,-0.112414448074125,-0.0669757939979559,0.0102152291238408,0.0176182045129208,0.0879083530657317,-0.0595415695454302,-0.0252866969362179
"X167rd",-0.150556615248973,-0.0865674836076365,-0.0818695382834707,-0.0429458820920663,0.00634099458713744,-0.00785991940695579,-0.157315317839705,-0.154366300785308,-0.113164834539039,-0.165397967219982,0.225240756311895,0.0636980365121729,-0.161566597357677,-0.029995751173475,-0.0963329624200136,0.17353360876273,-0.0420114445521052,-0.117434722450665,0.0953512138619754,0.00539622465264268,0.0748167246267325,0.0844904394653987,0.0160779401946907,-0.0744774751795031,-0.00688448580808963,-0.0173499020750847,0.0117404101815556,0.160886425744263,-0.0143710491599267,-0.00981868932812734
"X168rd",-0.162082468647416,-0.0597127987277579,-0.217877991260869,0.0377414137079931,0.0558994536851718,0.00286139297419472,-0.0519954146464535,-0.0654701407005144,0.0165213163333978,0.0545201531920071,0.411524541541043,0.207895595203389,0.0855222005693475,0.29255151861386,0.225726634337887,0.185968707222646,-0.0145063570334912,-0.0904487718391933,0.187775839432349,0.14138562944187,0.0123316049158148,-0.0162419628061776,0.0265779537837206,-0.156357914001736,-0.0950368704922961,-0.0249877920856039,0.0818442882629513,0.129847563930613,-0.0496681472200553,-0.0111985352658109
"X16rd",0.0405358049996556,0.0973660387169274,0.0525754723475279,0.10463695559776,0.054900133280136,0.102838561243823,0.126675848757919,0.122947797173253,-0.0849163610832681,-0.0314153800542732,-0.0363404955215538,0.236192016925695,0.169026939007302,0.159725793887422,0.322988896696994,-0.0558990407234147,-0.112303787593108,-0.123385636406022,0.0547317471592774,0.0739916722046548,-0.039293077135527,-0.0863057374948323,-0.0039152369234839,0.0360786892576904,0.0313678107364091,-0.0395054246548185,-0.0598094394473565,-0.131512541408028,-0.0734970180561432,-0.0557937193609088
"X170rd",-0.0646025933885671,0.0994935505393724,-0.0310399614584122,0.00075735256464901,-0.0548271539690204,-0.119103422024156,-0.06159629239226,-0.141056271836796,0.0072861595707432,0.13051233353866,-0.172463884890261,-0.0985537170294513,-0.147878961560036,-0.20090970752807,-0.143409730977813,0.0214144809791859,0.143644058517,0.233827009622355,0.048573698334861,-0.00180992734062532,0.159774547467089,0.141342540533121,0.0898665146367769,0.074874061416292,0.0705408815702819,0.0125194008021744,0.0565743876947587,0.0137933678443706,-0.014084176841449,0.0295554842834171
"X173rd",-0.0668764697322985,0.1600395528997,0.0274113986310007,0.131782227772518,0.107409480429237,0.0318085091506942,0.0984260697757388,0.0329946102272376,-0.0200623828064136,0.0971448811048317,-0.089797816901505,0.109742708943067,-0.00389704036986959,-0.0310426097048589,0.0635930665273328,0.0507169174287947,-0.0642864830480992,-0.0719376869573161,0.143197786657793,0.0272664699341651,0.00587099378936962,0.0158699550472351,-0.0290297054086527,-0.0245295815440453,-0.0580951610409703,-0.014061069587594,0.0668268246305399,-0.0825165950811332,-0.0836310137055976,-0.075471022363149
"X179rd",-0.0728054414792563,-0.113168072683995,0.167239755096815,0.0408473240840624,0.0422037694510038,-0.0194620314293056,-0.0657015128575964,-0.0234839508398626,0.196480555689757,0.219850102413121,-0.0742517682992791,0.0021008974099106,-0.00814025750877972,-0.0616274083841403,0.0187945328462995,0.0752614730458211,0.363410275033711,0.404952394661971,-0.20344119020218,-0.19868794349725,-0.106581674130376,-0.010330038640565,-0.180112260984519,-0.197488050944244,-0.230118173377672,0.00844635785906887,-0.051580914603427,0.0646944097269339,0.000809391374241302,0.0296297964671614
"X180rd",-0.0488162823679805,0.0359924790412292,-0.00973886963706709,0.0329919298900279,0.0714527727048638,0.060422916999837,0.104159594228627,0.0368865464536121,-0.033383798568437,0.00423918074768928,-0.0519665170325754,0.131232339044763,0.031514395968131,0.0296691641255054,0.154670346406116,0.0404299332603508,-0.0854650173332583,-0.102796344992614,0.082624990438038,0.0684799535138556,-0.0192542592001669,-0.0018918819808423,0.0269874801110371,-0.00983906401681727,-0.0372685965465053,0.0354069187684818,-0.136592580765741,0.00327251591389234,-0.0575217385039956,0.000847746156145532
"X181rd",-0.0276811180289017,-0.153352075286282,0.112938920324484,0.0585387606957302,0.0917899377708392,0.0699502878067983,0.0338310961131244,0.0975694495441682,-0.0942693387491783,-0.131058850632421,-0.140671460095509,0.157881035111607,-0.0338033826789932,-0.0693326029690198,-0.0563866118844243,0.0185655710227308,0.114186320045035,0.101794048153195,-0.33187809991847,-0.26412459651071,-0.0902223935673695,0.0502447240770964,-0.115701700334698,-0.0807908067077392,-0.124842021968245,0.0165742510093539,-0.0959979503777168,-0.0830768954520007,-0.0380546656692454,-0.072666729116041
"X182rd",-0.0299339065711834,-0.0458515629557508,0.150255223776433,-0.148076031576091,-0.240418409410901,-0.29909573490742,-0.348829402519931,-0.296360604774435,-0.114454688462788,-0.23448959847267,-0.240358360366538,-0.675056105254232,-0.31765096626424,-0.345282229469089,-0.305359510994762,-0.00152109512615206,0.274960797105522,0.330745987415543,-0.00532022759525277,-0.102684206824496,0.330759996913108,0.342390499805949,0.191279300457153,0.254030544965782,0.236423252018741,-0.000944771441702015,0.0959314967391554,-0.0933932718926676,0.0426066242747425,-0.0473320540040758
"X186rd",-0.0808814095387953,0.0638495934235981,0.182043594487851,0.0738204050957848,-0.0150521134422986,-0.173729488267388,-0.089492293617598,-0.114158710549235,-0.104232246271172,-0.13318395158057,-0.137949241646019,-0.0940164680253741,-0.139799695374929,-0.116545303631126,0.000404292222048135,0.0782116183476222,0.240070677473682,0.267997325365622,0.0131700870887742,-0.0881836720844918,0.102957446736713,0.123618456407809,0.0314426863706159,0.0138377326513171,0.0177877323102059,0.0066087199845327,0.00126256158899171,-0.0359067700334476,-0.0508221172875647,-4.34339783784452e-05
"X18rd",0.0695881295054262,0.0830626174648429,0.182887794455336,0.187838613699245,0.166648387360838,0.190130140944293,0.162895873240416,0.175496844418216,0.128079168076227,0.203119800351851,-0.0820549402398078,-0.0123964248004878,0.150917353540152,0.0743342838587909,0.0273832264126402,-0.0417749510788347,-0.0158111901305135,0.0564995777152568,-0.226037211173115,-0.23620838082204,-0.0970497201932332,-0.0564439653325783,-0.254917591213044,-0.0717809811564075,-0.124045423976562,-0.110707928893045,-0.174110695533812,-0.241227823114367,-0.195930146069265,-0.265448859353027
"X190rd",0.00185447623136397,0.0301079204470205,0.0272842949609208,-0.0663129521770879,-0.156318680517121,-0.171740198940448,-0.0951787481419454,-0.147961754253274,-0.157986655422062,-0.174025174934663,-0.259014217400123,0.00116393464450827,-0.251389925860273,-0.289455533952363,-0.206606007895384,-0.0322629428458535,0.123082687053631,0.215576942503815,0.0209213215627994,-0.0164419653336402,0.304319365422873,0.301448658057473,0.276652885354615,0.280896638209049,0.282355084028767,0.00579622816920876,0.0715052373171182,-0.0592833342518183,0.0259734990607348,0.0436406992719332
"X19rd",0.0562301002340235,0.245346235305342,0.23448842884484,0.182588529030126,0.104319298681483,0.116810706173463,0.148344038677845,0.102555393685934,-0.167032531919867,-0.136358716188278,-0.140295881747856,-0.0786349908665453,-0.0738744748768883,-0.102045146679826,-0.0968372939391662,-0.0527460169041148,0.0383196282931383,0.06651083735472,0.0433033335188798,-0.0120040900132053,0.0363506997013366,0.0453838300690668,-0.00556307947316694,0.0693671930318646,0.101439886886088,-0.152505079207475,-0.000864247809244206,-0.263778194094727,-0.186684428898302,-0.228698093115195
"X21rd",0.0394203987069106,0.250164221432692,0.124875257791781,0.197196394878911,0.141871550069635,0.091588113077482,0.188528000829818,0.108176422947353,-0.0940543466261635,-0.0541609468832222,-0.100811076725168,-0.0978214670739342,-0.0430501315494599,-0.0890459719426749,-0.0684341256092386,-0.0360971733014723,-0.00368449010684975,0.00267010291785628,0.0538002650086458,0.0113522216548428,0.0468967986552114,0.020654177185893,-0.00893321947148961,0.115034890378634,0.11013757519178,-0.147487414409584,-0.286454575497099,-0.26163157938634,-0.225049697788158,-0.263509066197821
"X22rd",0.0362959432682006,0.205171046440407,0.050977620799919,0.143628848443406,0.0791813675878809,0.0660261928127193,0.139761013097257,0.113108094494751,0.00313796786451398,0.109661361257485,-0.0651003601858232,-0.010103348064027,0.00718389702248315,-0.00843693736717982,-0.0398495961811088,-0.0668245391962132,-0.0816887625538863,-0.0267266137123615,0.0890267557578829,0.0274285374293923,-0.00736322837965271,-0.0294519095981478,-0.00326098743615465,0.0794047139537419,0.0686735994579638,0.0147041634458896,-0.0723045568867498,-0.1180211539507,-0.133915171706119,-0.0553292766308247
"X24rd",-0.0311367233177086,0.217134998631449,0.159033223835063,0.164955474029916,0.135855569076233,0.0683652464019994,0.0811608251395503,0.0317985035961388,0.027843278231412,0.183897220313003,-0.0509128649487892,-0.118801922373494,-0.026302481195137,-0.0342095335715845,-0.0383715000571719,0.0130716934863359,-0.0627251874071735,-0.0316105519409306,0.0495129587263761,-0.0546219393669476,0.0709908239613044,0.0553524819860754,0.0145731256325727,0.0609540320880838,0.109891337592362,-0.0778976465052989,-0.0480060160174253,-0.214720096686804,-0.236190211434579,-0.246884075721078
"X25rd",-0.0290792793403011,-0.00141153483251498,0.0897405906003175,0.0454521771467137,0.080153320429036,0.0982249344493666,0.0629216789724651,-7.1010977344727e-05,-0.119588988628405,-0.122415170903288,-0.0163694780377912,-0.0212789054324248,-0.0879169195015262,-0.0386599895043244,-0.0442331750957382,0.0302601892914614,0.0601483810065101,0.0157085068727851,-0.0266056235526767,-0.0719004031051853,0.0403345100739188,0.0416776239912673,-0.00482855300601996,0.00804727984709816,-0.0129961408257498,-0.116716277102925,-0.097166583659122,-0.0798476649121876,-0.062736180456868,-0.0961092534057091
"X29rd",-0.0706717038245138,0.00265703084579523,0.0108437317090513,0.108102537200358,0.12820942662194,0.0838505440926817,0.118230427111081,0.0113879005541797,0.0632360516314583,0.131794372748677,0.0528288858440234,0.0842518542269479,0.0787253309667066,0.118566912502834,0.118440762217561,0.0590156908568351,0.140033722235879,0.123842001348885,0.00463271173440897,-0.0447683127257104,-0.0952755223512313,-0.0838170993487671,-0.0651093721585499,-0.108419201528876,-0.0783483654383683,0.28724851138906,0.0302358601379524,-0.00221782270617048,-0.073414520061101,-0.0528562615351835
"X30rd",-0.00702203929356291,-0.0822987599430235,0.109212153197413,0.0753797859802609,0.136787756902716,0.169380898607308,0.127496066708414,0.145705331994539,0.154276939532943,0.235561765539328,0.00396771880363663,0.0615104680320741,0.123970424851157,0.137030873366574,0.143145028469569,0.0128154372669561,0.256064109221616,0.179613935822572,-0.111245689560365,-0.148018583340256,-0.131813785438636,-0.125262515475802,-0.11352963476305,-0.131862682384475,-0.102163660381792,-0.0212504136392227,-0.103319159326597,-0.0885766310352248,-0.0582793234398183,-0.0668062149558486
"X34rd",0.0180566559134296,-0.114771165590033,0.0724091309144227,-0.071650032816469,7.51767012775922e-05,0.00195825290064481,0.0272963908680832,-0.0193111382859033,0.140710402424521,0.173209819202868,-0.0428803351135009,0.00822562641033506,0.0445293673815438,-0.0102870711735148,0.00566587557768983,-0.0183333055275989,0.135417649864269,0.136783965167925,-0.0249881945283959,-0.0354381007888031,0.0324756701028542,-0.0105071775683977,-0.00602921992861002,0.00971390643488185,-0.0351098774157033,-0.0710869687811864,-0.194913202069111,-0.0322095821233628,-0.0157440940875105,-0.0310007214385387
"X36rd",-0.0742945195485122,-0.0251745145190891,0.119092828162609,0.0856948267538581,0.112896888258188,0.111070425310364,0.0214789943799062,0.00180222766159803,0.108785981642385,0.0297632725051834,0.126594471395149,-0.0449530263294617,0.0234554382278293,0.125246381550123,0.109095854696885,0.0763592961682418,0.225459149098134,0.111185377961442,-0.029946810100932,-0.116211633303504,-0.0413515034484559,-0.0554381764595518,-0.0945330570653379,-0.125400619272139,-0.0927256206797289,-0.116889305142651,0.0637677472965841,-0.0435752868361318,-0.111594303959729,-0.104479136657058
"X37rd",-0.0738762487284751,-0.0860028669292806,-0.0172187148074763,-0.0192628674136258,0.100538997266033,0.112260092871648,0.0677062975084228,0.0529046526499611,0.123175092556803,0.119068880532471,0.206180535233511,0.157819302165035,0.160469274076922,0.254586595155303,0.250438597809179,0.0705168357638246,-0.149627070191968,-0.168578909999981,0.051927406068945,-0.000359984186875731,-0.144763930655684,-0.143830177349197,-0.110007787284056,-0.188906647715019,-0.149760226175627,-0.046360675578352,0.00075330350183983,0.0647278436295693,-0.026498712158055,0.0442554897129943
"X39rd",-0.0291253023340631,-0.234057673930747,0.0728128001848571,-0.0552961231266753,0.0878292886625854,0.0484085395372404,-0.0467208092596963,0.0452161896490377,0.299836308869894,0.237709143195283,0.147658568384488,-0.0334806127457884,0.245417525756821,0.339210624844193,0.241637303396732,0.0807937851009523,-0.0185106232839124,-0.0698228617620779,-0.238107489870764,-0.211499189156305,-0.244578628734455,-0.193188525443945,-0.288391546929193,-0.294813304462333,-0.272435179086875,-0.0505943958033846,-0.31170629413143,0.148631809242231,0.00576798364045829,0.028589166856687
"X40rd",-0.0857647774052362,0.0471089775114239,-0.0225584850110992,-0.0069188602224701,-0.023143740689723,-0.0439797764385847,-0.0499420495875093,-0.0674562839459231,-0.0811016071711817,0.0335607365816855,0.0382953299738416,0.01816755946378,-0.0631171396458359,-0.0484796453743209,-0.0424616794837975,0.0753498868563241,0.11690081910546,0.021141098832265,0.104499890366898,0.0360642106891545,0.0898518886433968,0.0990894331992837,0.0762417395722097,0.0284934545742096,0.06875114128701,0.0693164247010404,0.163941016436338,-0.0144469522210705,-0.0518628133656594,-0.0139059429586391
"X49rd",-0.0712620345723465,-0.0229495739169784,-0.289047438255584,-0.0636657370419325,-0.124743549011447,-0.198647449476054,-0.162014869027588,-0.161534879411188,0.0514146866943781,0.0561034767727906,0.1664227680859,-0.0166020040150436,0.000629251426704264,0.0212269731013439,-0.0189313333001239,0.0740622144815446,-0.10029685305576,-0.0513624770577746,0.247470272715704,0.259841432339661,0.112382098238472,0.0495497738973757,0.145964671042609,0.0247197997763597,0.03578464088898,0.432802898757527,0.118572112178291,0.205870583958099,0.070998661983118,0.167837623131561
"X51rd",0.0217295694526178,-0.01956976579706,-0.0922669450076734,-0.169805275345416,-0.221754711625461,-0.212226398742309,-0.141405097968462,-0.132466832029326,-0.128142963996247,-0.10073573642347,-0.164438027107584,-0.052196642750384,-0.140030433874404,-0.16306694574021,-0.107492902073452,-0.0352424414495225,0.0788028362817625,0.146659420165188,0.0189219508788611,0.0197908307410578,0.208275425239656,0.197548910700026,0.19216743054497,0.210885049763568,0.190035402753287,0.267153333538331,0.119715726106065,0.0922367453873459,0.147916056270289,0.135748477559998
"X52rd",0.00128548719369328,0.0587665460246646,-0.157947730307928,-0.0899194170424663,-0.183082152720886,-0.180932905522841,-0.113753090465397,-0.128869910098976,-0.169359093376601,-0.156426361300919,-0.0815536408477724,-0.0301702196119933,-0.098443757801087,-0.103282863344971,-0.0224885853800748,0.00202316571837427,-0.0150686731276809,0.027021032710017,0.129268556575214,0.108859288331969,0.13291560418487,0.113379814310648,0.215545404615223,0.104686812767278,0.126139113826348,0.226242125405227,0.125592654056469,0.104428359092609,0.114334617050554,0.171719658632054
"X53rd",0.0229677361098548,0.0246704352190292,-0.155055327879886,-0.0644041344199802,-0.104129160650165,-0.0980120759869408,-0.0303736519527903,-0.0409475506520808,-0.0496393794661457,0.0120973237521021,-0.0304299873597832,0.0760421566790429,-0.0235669386824527,-0.0692562627379806,-0.0881445343010839,-0.0319191243289702,-0.108201661023353,-0.0633927040937593,0.0703458086479382,0.18321522570257,0.017211614946485,0.0160676202871797,0.0724960007838382,0.053138916042068,0.0522560474105582,-0.118392379782217,0.140253222518999,0.102423223330681,0.116660474903751,0.176075599003668
"X54rd",0.0180935927390933,-0.00294848041144403,-0.0346860501622082,-0.104002288194909,-0.0640309562263228,-0.110676951629076,-0.044788234820889,-0.0464103585737615,-0.023713373736576,0.0117510982140774,-0.0628432174140452,0.00198822221348282,-0.107644825815256,-0.128545677793834,-0.129289537828991,-0.0178681895086589,0.0209488316918731,0.0320443519691815,-0.000699533385537491,-0.00853662794033469,-0.0325708839391702,-0.00562606824658111,0.00919126672357862,-0.000540518960968795,-0.0359359571040593,-0.0690730745523916,0.128442666790357,0.095641876455691,0.122206544377582,0.136940452732441
"X56rd",-0.0175774192202094,-0.0279123724863377,-0.0714029352057755,-0.0650600673459118,-0.0489374144618055,-0.0855572266624328,-0.0630419625445212,-0.0840732601834718,0.0198429708699949,-0.0368520370962245,-0.06543165134954,-0.0360292012068259,-0.0862837746794673,-0.0981239356707122,-0.0703829120424367,0.0109852833954406,-0.0411080854933372,-0.0410240592128778,0.00419459851690774,0.0136610703732653,0.0335351895240721,0.0641625200067976,0.0166879741938879,0.0332369688782015,0.0135828486554983,-0.0703319416394897,-0.0335502196176098,0.0478340110249568,0.0850319598994923,0.0670885915175428
"X57rd",-0.136711920624863,-0.132916662095927,-0.0776854162216883,-0.0151083768271135,0.00541723056625177,-0.0556938391972564,-0.0995410150388028,-0.0750164021266018,0.094127831291102,0.103662519994146,0.0698536110352666,0.0241307532434202,-0.071888021914374,0.0222888639286973,0.0686841336092894,0.123539236236837,-0.0188394505901506,-0.0859693043508748,-0.00464848358037684,-0.0587954274967768,-0.0511754955079136,-0.00354820588257788,-0.0535969193669213,-0.152721878823294,-0.162160692142037,0.249884795393751,0.0877014685177807,0.205924634347679,0.077593694089949,0.123845208006892
"X58rd",-0.108255318319607,-0.0446303064586202,-0.0982003648438017,-0.0593818857214723,-0.0170649924279589,0.00549492024423834,-0.106158674617437,-0.075600489008763,-0.00170535645246829,0.0378190104456897,0.0526716234915057,0.104483335800595,0.00580804933458759,0.0705464319254376,0.117069679345993,0.104452632868468,0.0651519742185577,0.0355129737828239,0.183521234785564,0.167876363344411,0.0178922482003012,-0.0109721515429074,0.0555362561672612,-0.0293754320810329,-0.0357422446654769,-0.131981169971691,0.0100952279581819,0.0980958548996373,-0.00471199415308675,0.0340207541992971
"X5rd",0.0184860445755011,0.258000737541658,0.00120376574898132,0.243851254973327,0.128526357239954,0.154221695611903,0.160095067051669,0.103617298524975,-0.15432008431063,-0.0420309915280446,0.0300527512433669,-0.058486986117848,0.0088271068388125,0.0248836996057656,-0.0448245787604901,-0.0269361592911729,-0.129735336936257,-0.124107361415809,0.0676885312560423,0.080610168475383,0.012283213260561,-0.0218106863926879,-0.036498321360776,0.0516233075303044,0.0506233178620317,-0.144867534314328,0.084962945710811,-0.225837890473378,-0.190481711894522,-0.208465443517884
"X61rd",-0.143905834565774,-0.0786337339398428,-0.110294866841057,-0.0665542275655865,-0.00702246691769212,-0.0448193533741768,-0.158378909244607,-0.118105761887692,0.0466784951681555,0.0603926246106182,0.00429960755761987,-0.0479022429354738,-0.0888703718362605,-0.0371941734905932,0.043844805590966,0.134017779359169,0.0441976456940793,0.0455232121923784,0.0556109744256611,-0.0457357383137956,0.0549204745552152,0.0367246471642366,0.00970757892230819,-0.071419074098152,-0.0682315364906003,0.0799774631788188,0.0462759557525827,0.117824278930459,0.0259948979323389,0.0502593470964693
"X62rd",-0.048896504926157,-0.204281862605334,-0.00337266376059832,-0.0948823729240645,-0.0223018807598768,-0.0237119357127684,-0.0804081142717493,-0.0794230946843692,0.102310850308575,0.0377524133476157,0.00703485348607576,0.0142406350546174,0.027953213252489,0.0377590073547128,0.0492905452605513,0.0657505055094372,-0.0492124106580802,-0.0905452903269453,-0.173028064048955,-0.132068678853881,-0.0748437265210094,-0.000163306204366776,-0.123601027835503,-0.131416930603464,-0.160148912942642,-0.0383451167947981,-0.169516975270742,0.129840829599678,0.0849169134699313,0.0540420202636049
"X63rd",-0.0722814357026571,-0.0316341017691338,-0.0674312551721671,-0.0896781813563455,-0.0792919619010883,-0.115128652860249,-0.138190497334658,-0.147466955640066,-0.115774112560716,-0.022669757338217,-0.0579593289182864,0.0262963861055027,-0.100017743680386,-0.11636477556404,-0.107757332465176,0.0592130171421526,-0.0548572393849365,-0.0365606977136392,0.0615737247153022,0.0547167043919819,0.205633025597248,0.204865369833699,0.175494684406438,0.123092094374346,0.132182906915556,-0.121788995652048,0.151030481476053,-0.00255044129021059,0.0292219637166237,-0.00277751196901617
"X66rd",-0.103821055627072,-0.0854984283371609,-0.103276759595749,-0.0679350750079292,-0.0840123839285737,-0.112029560635516,-0.127914701997612,-0.140585913321523,-0.194858994984243,-0.241751299092125,0.0832033557015191,0.0463914563557435,-0.121763959380761,-0.0324593465776806,-0.00565276908495831,0.0969910361628301,-0.0555686537651627,-0.109373913987069,0.0550335679417519,0.0211160142407499,0.138608303780875,0.157062558072604,0.119255397919078,0.0251046045312956,0.0513822515909207,-0.0971974820459952,-0.00419515433469244,0.12241356985092,0.046566938614638,0.0599498686445615
"X67rd",-0.105962974718578,-0.132304362163381,-0.070960234246146,-0.0909939444368953,-0.0586961376745109,-0.0705293420268221,-0.133792138116488,-0.137769414074154,-0.00115627567438963,-0.0743415459837357,0.032850656465695,0.0180737981315557,-0.0909074668979551,-0.0330208110358729,0.000311153754918874,0.101962052322977,-0.0867940758854313,-0.10375927984674,0.0161992496362915,0.0101827476965166,0.127998676832708,0.154565906306205,0.0940678639201097,0.0373469686577437,0.0393889413014124,-0.102461365579223,0.0872953355502074,0.0999071183970524,0.0392773582653916,0.0725915810859952
"X68rd",-0.0875564094645636,-0.0384851135724152,-0.143935000332856,-0.131000281489184,-0.136535994688392,-0.204643449204564,-0.198833413483592,-0.194952268548144,-0.0717207627677823,-0.0869177723056063,0.00321250387704772,-0.0608939692803917,-0.1854868228278,-0.160704696744696,-0.14191893512392,0.0829510153864939,-0.071096965957387,-0.0903665989333002,0.0534076760671795,-0.00231417818279908,0.194086595444283,0.204835924232123,0.149436621771221,0.108855894925336,0.106150318465368,-0.0715374598374692,0.105140379802361,0.140661444717261,0.107009683021356,0.135842383984091
"X69rd",-0.140870007492975,-0.150830079622393,0.0764919819938948,-0.0812159806498311,0.0167150084557958,-0.010786850064855,-0.150178673880322,-0.117470752704304,0.147019685564477,0.146431056713913,0.051701557022288,-0.0446569617881579,-0.1674507725334,-0.0827361044102526,-0.0633120913929611,0.154454961973446,0.16696455569912,0.124937609791875,0.00265826829692151,-0.0884553108727676,0.033693223642956,0.0455446947893021,0.028951124092651,-0.085593973953891,-0.0957130156965265,0.307360645026355,-0.116095440544433,0.116942598332859,-0.0291463737487953,0.00854456881316477
"X6rd",0.00983594779600356,0.213189989165009,0.0530613570114663,0.172738312477613,0.0470290490605884,0.0915763182469541,0.0899944208510765,0.0620541359921257,-0.214436747229093,-0.122451187693192,-0.0596189096348696,0.044016600296645,-0.048936434142761,-0.051454003216886,-0.00133601040024067,-0.00474889549100902,0.0744092503214108,0.0539148910255832,0.0440629233494588,-0.0136614341218297,0.0666092681578145,0.0374594202488353,0.0220473213025556,0.0418411116282666,0.00986530376144075,-0.104262750559005,-0.0468578920104872,-0.110674851896227,-0.112039944484174,-0.122181672676109
"X70rd",-0.124076072918928,-0.108343328167322,-0.124372722823016,-0.07941792358455,-0.0716993907171143,-0.0936067446002673,-0.154105649353562,-0.154230940369214,-0.12330902844084,-0.197699853603097,0.076495952978469,0.174563465217703,-0.0878911909850777,-0.0309783186550108,0.0410176283400425,0.128128982948476,0.0348776006085801,0.00987140500593061,0.0420459402264801,-0.0255406055667927,0.108362749900381,0.127422731845185,0.0781134140969372,-0.0287127393823433,-0.0263638335718825,0.186181754043886,0.080439924561153,0.170995906959105,0.0718892998333696,0.118742938648143
"X71rd",0.237222693638499,-0.0861534845774254,-0.0884527041690844,-0.194647340933409,-0.172733119605424,-0.0979368220958378,-0.0169445739017668,0.0659140306890126,0.126504184052555,-0.0426804867075433,0.00503807920474725,-0.0937072230929987,0.109433078953791,-0.0431018425036219,-0.134788059980273,-0.236452389381342,-0.0243939520191571,0.0241664583874707,-0.0904069016888109,0.111506752013992,-0.107859732111619,-0.148014784309839,0.0733270552483846,0.113815587673636,0.0975682167470575,-0.106714040663427,0.0797249111761282,0.0394906541848701,0.236615081387344,0.162703963851473
"X72rd",0.269497703082351,-0.112756505098558,-0.0958175464012393,-0.218249321003666,-0.246294446725649,-0.164534111439052,-0.0106569531844617,0.0772550357172384,0.0772717868616812,-0.108023700054013,-0.00388578996686957,-0.0838265748928486,0.104569371030392,-0.0400455461420635,-0.169945518680978,-0.279043892535721,-0.0211263602032246,0.0829625740588234,-0.104643534025774,0.127902050199819,-0.089877981465435,-0.101205772800728,0.0396722994895303,0.134208701402132,0.116523133848872,0.235564827761361,0.141619519992685,0.0814030960949736,0.296316101977121,0.221752153595302
"X76rd",0.225212256110273,-0.120041024091629,-0.0894735456770914,-0.176961099232995,-0.20624234119636,-0.0970427430500356,-0.0405928321314098,0.0648369859490681,0.225162214234096,-0.0326178120277456,0.0508729665221113,-0.121347499298608,0.153881042042065,0.0383859543395081,-0.0488866016785745,-0.246312497017333,-0.0399892760104036,-0.00896675140647822,-0.0734335325043467,0.0910184241195366,-0.119691875913978,-0.168394641773737,0.0531133131589207,0.104042711825999,0.125353608163727,-0.0347225225432491,0.0806899345147393,0.0865346986497931,0.231752494631588,0.182611860604566
"X8rd",0.0202658940954631,0.14335620459508,0.136421956244248,0.209562523173395,0.1667651261946,0.184667162152545,0.142234825729147,0.124820719850747,-0.173751107521878,-0.160954714413849,0.00211770397637482,0.0088602633995654,0.00970204479562853,0.0445560992362652,0.0584087453381282,-0.00383614443824266,-0.0446548424269114,-0.0697456750449614,-0.0473926443550505,-0.054572753893176,-0.1103061889648,-0.0680052471830881,-0.11982682708476,-0.0855349385170953,-0.0582166755212103,-0.118765328211567,0.0374892623546562,-0.149241364418573,-0.137830632488044,-0.186337753493741
"X92rd",0.194268780130368,-0.0611732955044302,-0.200088167759432,-0.154253655415188,-0.195984276881135,-0.069021807357505,-0.0238032496338943,0.0124843613839395,0.0799875676705571,-0.0724131181510559,0.0466518706461508,0.0621954209588426,0.196328629688351,0.0536802487545501,-0.0212198786989287,-0.195368497296105,-0.150602131913509,-0.0843816831063882,0.0769811420848942,0.332311283678996,-0.0521202617847566,-0.115226849702346,0.156262134509246,0.125087409581275,0.102689757580683,0.192603422694744,0.170425811699331,0.143398577201027,0.272530540476719,0.220728190567877
"X93rd",0.207298202612577,-0.141906738435351,0.0742358394977085,-0.0253966789201841,0.0237686623325891,0.000522009923974323,0.0820871012986356,0.173377454223597,0.141170167063458,-0.052581496323859,0.0250097615428972,-0.043208007344238,0.205013070457949,0.122252688820654,0.0190677038502221,-0.144071762888977,-0.0186081544186855,0.0392952618128692,-0.346489543242767,-0.230707014379728,-0.282783300727249,-0.212582336757188,-0.301249000819643,-0.177479815920912,-0.241470586431591,-0.140555980262911,0.0122189511207575,0.0259041531393816,0.124714432203614,0.0930242593721149
